<data>
   <book>

      <author>Isak Azimov</author>

      <name>End of spirit</name>

   </book>

   <book>

      <author>3</author>

      <name>Standard</name>

   </book>

   <book>

      <author>Test 1</author>

      <name>End of Test 1</name>

   </book>

   <book>

      <author>Test 2</author>

      <name>Standard Test 2</name>

   </book>

   <book>

      <author>Test 3</author>

      <name>End of Test 3</name>

   </book>

   <book>

      <author>Test 4</author>

      <name>Standard Test 4</name>

   </book>

   <book>

      <author>Test 5</author>

      <name>Book Test 5</name>

   </book>

   <book>

      <author>Test 5</author>

      <name>Standard Test 6</name>

   </book>
</data>